FROM NAME,SUBJECT,SEND TIME,DAY
Pittsburgh Steelers,Join the NFL Extra Points Credit Card Program as We Salute our Soldiers,Oct 31 2017 3:01pm,Tuesday
SmartAsset,What You Should Look for in a Second Credit Card,Oct 30 2017 8:45pm,Monday
Williams Sonoma,The Williams Sonoma Credit Card—Enjoy 20% Off Today + DOUBLE REWARDS This Weekend!,Oct 27 2017 5:29pm,Friday
=?UTF-8?Q?PYMNTS=2Ecom?=,Alexa Goes Freemium | Uber Launches Credit Card | WU Uses Mastercard Send For Push Pay,Oct 26 2017 7:28am,Thursday
USATODAY.com,BREAKING: Senate votes to strike rule allowing consumers to collectively sue banks and credit card companies,Oct 24 2017 10:53pm,Tuesday
Grandin Road,Apply for a Grandin Road Credit Card & Exclusive Savings!,Oct 21 2017 1:31pm,Saturday
RewardsRUs,"Open an ""R""Us Credit Card Account on 10/21-10/22 and Save 25%💰!",Oct 20 2017 6:09pm,Friday
SmartAsset,How Can You Avoid Credit Card Fraud?,Oct 19 2017 8:45pm,Thursday
SmartAsset,Are You at Risk for Credit Card Fraud?,Oct 16 2017 8:45pm,Monday
Williams Sonoma,The NEW Williams Sonoma Credit Card - Enjoy 20% Off Today + Free Standard Shipping Every Day,Oct 10 2017 5:24pm,Tuesday
EnergyTin,Announcement: Credit Card Payment Method is Back Up,Oct 3 2017 2:31pm,Tuesday
SmartAsset,How to Apply for a Credit Card and Get Approved,Oct 2 2017 8:45pm,Monday
Walmart,Online Only: Open A Walmart Credit Card & Save $25 when you spend $25,Sep 30 2017 11:33am,Saturday
Kim Komando's Special Alert,"Data Breach! Millions of credit card numbers stolen from popular fast food chain - Wed., Sep. 27, 2017",Sep 27 2017 2:52pm,Wednesday
Delta Air Lines,"Conrad: The New, No-Annual Fee Blue Delta SkyMiles® Credit Card",Sep 19 2017 6:14am,Tuesday
Williams Sonoma,Discover Great Rewards & Benefits with the Williams Sonoma Credit Card,Sep 17 2017 5:38pm,Sunday
Moviola Online Learning,A full 6 months on us! No credit card required,Sep 15 2017 1:05pm,Friday
Priceline.com,"Attention! We're Informing You About a Credit Card From priceline.com® – Deals on Hotels, Airfare & More!",Sep 10 2017 2:46pm,Sunday
Pittsburgh Steelers,Kick off the 2017 NFL Season with the Steelers Extra Points Credit Card,Sep 4 2017 1:16pm,Monday
The BERNINA Connection,Do YOU have a BERNINA Credit Card?,Aug 29 2017 7:42pm,Tuesday
Williams Sonoma,The NEW Williams Sonoma Credit Card - Enjoy 20% Off Today + Free Standard Shipping Every Day,Aug 19 2017 5:29pm,Saturday
SmartAsset,How to Pay a Credit Card with Another Credit Card,Aug 16 2017 8:00pm,Wednesday
Dave Ramsey's Newsletter,Retirement Red Flags and Credit Card Lies,Aug 14 2017 9:17am,Monday
=?US-ASCII?Q?Business_Center_Blog?=,"FTC alleges ISO, sales agents laundered millions in credit card charges",Aug 8 2017 1:12pm,Tuesday
Debenhams,Up to 20% off with the Debenhams Credit Card,Aug 8 2017 1:20am,Tuesday
Refinery29 SF,"Why you should never, ever, get a store credit card",Aug 3 2017 6:17pm,Thursday
MLB.com Partners,Earn rewards all season with MLB™ credit card,Aug 1 2017 12:54pm,Tuesday
=?UTF-8?Q?PYMNTS=2Ecom?=,Google Shopper Tracking Under Scrutiny | Uber To Launch Barclays/Visa Credit Card | Messenger’s Yellow Pages Vision,Jul 31 2017 7:24am,Monday
Williams Sonoma,The NEW Williams Sonoma Credit Card - Enjoy 20% Off Today + Free Standard Shipping Every Day,Jul 25 2017 5:36pm,Tuesday
First Access Visa Card,Apply for A Genuine FIRST ACCESS Visa Credit Card,Jul 25 2017 1:03am,Tuesday
SmartAsset,How Do Credit Card Chargebacks Work?,Jul 24 2017 8:00pm,Monday
Cetaphil Skin Care Club Canada,Celebrate #Cetaphil70 — Win a $250 prepaid credit card!,Jul 24 2017 7:05pm,Monday
Walmart,Online Only: Open A Walmart Credit Card & Save $25 when you spend $25,Jul 22 2017 12:47pm,Saturday
SmartAsset,How Your Credit Card Limit Stacks Up,Jul 12 2017 8:00pm,Wednesday
SmartAsset,Should You Have a Virtual Credit Card?,Jul 10 2017 8:00pm,Monday
FierceRetail,| 07.06.17 | E-commerce sites 'disturbingly slow'; Gemalto introduces credit card kiosks,Jul 6 2017 1:05pm,Thursday
BikeShopHub.com,The guilty pleasure of credit card bikepacking,Jul 3 2017 1:45pm,Monday
The Simple Dollar Team,Credit Card Churning + Why I Quit Caring About My Credit Score: The Simple Dollar Weekly Roundup,Jul 2 2017 3:08pm,Sunday
Williams Sonoma,The NEW Williams Sonoma Credit Card - Enjoy 20% Off Today + Free Standard Shipping Every Day,Jun 30 2017 5:56pm,Friday
SmartAsset,What to Do When Your Credit Card Bill Has a Mistake,Jun 28 2017 8:00pm,Wednesday
17hats,NEW! ACH Payments Will Save You Tons $$$ on Credit Card Processing Fees!,Jun 23 2017 12:58pm,Friday
Envelopes.com,💳 Going Credit Card Sleeve-less this summer is not an option!,Jun 19 2017 2:57pm,Monday
8coupons,$1 Flip Flops when you use a Gap family brand credit card. Use code FLIP at oldnavy.com. Online only. Restrictions apply. Ends 6/17.,Jun 16 2017 12:29pm,Friday
RewardsRUs,"Get 10% OFF Every Thursday with Your ""R""Us Credit Card!",Jun 16 2017 7:25am,Friday
RewardsRUs,"Get 10% OFF Every Thursday with Your ""R""Us Credit Card!",Jun 15 2017 2:03am,Thursday
SmartAsset,The Best Times to Apply for a Credit Card,Jun 14 2017 8:30pm,Wednesday
=?UTF-8?Q?PYMNTS=2Ecom?=,Mastercard Launches B2B Payments Hub | Verifone Divestures Loom | Credit Card Charge-offs Spike,Jun 9 2017 7:29am,Friday
Debenhams,Don’t delay! Save up to 20% with the Debenhams Credit Card,Jun 6 2017 11:15am,Tuesday
FierceRetail,| 06.05.17 | 2 out of 3 shoppers store credit card info online; New Salesfloor feature tracks associate recommendations,Jun 5 2017 1:03pm,Monday
Legacy Collectibles,Legacy Collectibles Fixed Their Credit Card Checkout... Order Online Today!,Jun 3 2017 1:24pm,Saturday
Brittany,"Your Credit Card May Be Stolen, Action Required",May 25 2017 8:54am,Thursday
Kim Komando's Weekend Digital Digest,"How to spot and avoid credit card skimmers, 5 online advertisements to stay away from, Smart ways to track your kids and teens, and more for Sat., May 20, 2017",May 20 2017 5:50am,Saturday
RewardsRUs,Get 10% OFF Every Thursday with Your ''R''Us Credit Card!,May 17 2017 12:09pm,Wednesday
OneCall,Limited-time offer! Up to $100 Visa Gift Card when you use your BrandSource Credit Card on a qualifying in-store purchase,May 11 2017 9:34pm,Thursday
KingSize Platinum,Get a KingSize Platinum Credit Card,May 3 2017 8:12am,Wednesday
Cetaphil Skin Care Club Canada,#MyCetaphilStory Contest – WIN a $1000 pre-paid credit card!,May 2 2017 12:08pm,Tuesday
SmartAsset,How to Earn Extra Credit Card Rewards,Apr 24 2017 8:30pm,Monday
Walmart,"Save up to $25 for spring essentials when you open a Walmart Credit Card. Yes, please!",Apr 22 2017 2:12pm,Saturday
Bed Bath & Beyond,Earn rewards for all your purchases with the Bed Bath & Beyond Mastercard Credit Card. Apply Now.,Apr 21 2017 10:45pm,Friday
SmartAsset,What Does a Pre-Approved Credit Card Offer Really Mean?,Apr 17 2017 8:30pm,Monday
Cardinal Bank,"Merger Details with United Bank, Credit Card Online Safety Tips, Family Exercises, and More Inside April's Cardinal Clicks",Apr 12 2017 11:03am,Wednesday
SmartAsset,Shopping for a Credit Card? Do This First,Apr 10 2017 8:30pm,Monday
Tanga,2-Pack Slim Leather Credit Card Holder | Women's Vintage Messenger Bag | World's Smallest Mini DVR Spy Camera Recorder,Apr 2 2017 10:13am,Sunday
SmartAsset,5 Hidden Credit Card Perks,Mar 27 2017 8:30pm,Monday
Williams Sonoma,The Williams Sonoma Credit Card - Enjoy 20% Off Today + Free Standard Shipping Every Day,Mar 25 2017 5:34pm,Saturday
Lorman OnDemand Webinars,Compliance with the PCI DSS Credit Card Security Standards - OnDemand Webinar,Mar 16 2017 3:05pm,Thursday
Fashion To Figure,CREDIT CARD FRIENDLY,Mar 15 2017 8:55am,Wednesday
Paytm,Paytm Rolls Back 2% Credit-Card Charge,Mar 14 2017 1:16am,Tuesday
SmartAsset,Your Credit Card Rewards Could Be Taxable,Feb 27 2017 7:30pm,Monday
Evine,Save 15% OFF $100 with your Evine Live Credit Card,Feb 24 2017 1:05pm,Friday
Evine,Save 15% OFF with your Evine Live Credit Card,Feb 24 2017 1:01pm,Friday
Kim Komando's Breaking News,"Fake Amazon ad leads to dangerous scam, Costly mistake that ruins your microchip credit card, Social media hack for better service, and more - Mon. Feb. 20, 2017",Feb 20 2017 2:16pm,Monday
Tanga,Guess Mens Cruz Leather Credit Card Trifold Wallet | Qi Wireless Power Charger Charging Pad | Silicone Gel Heel and Ankle Sleeve for Plantar Fasciitis,Feb 20 2017 11:12am,Monday
Tanga,Suvelle Leather Slim Credit Card Wallet | 10 Piece Wearable Nail Soak Polish Removers | Apple MacBook Air MD760LL/B + FREE OVERNIGHT Shipping + AppleCare + Case,Feb 18 2017 12:16pm,Saturday
DealNews Blog,Should You Get the New Amazon Prime Credit Card?,Feb 9 2017 11:10am,Thursday
Pottery Barn Kids,Twice-as-nice rewards! DOUBLE REWARDS with your Pottery Barn Credit Card – limited time only,Feb 2 2017 4:10pm,Thursday
Lord & Taylor,60% OFF Fine Jewelry + MORE SAVINGS when you open a credit card!,Feb 1 2017 8:35am,Wednesday
Kim Komando's Breaking News,"Undetectable skimmers stealing credit card info, Samsung Galaxy S8 leaked images, Ads coming to Amazon Alexa?, and more - Sat. Jan. 28, 2017",Jan 28 2017 1:15pm,Saturday
buybuy BABY,Earn rewards for all your purchases with the buybuy BABY Mastercard Credit Card. Apply Now.,Jan 28 2017 7:16am,Saturday
Buytopia Deals,1 Day Left - Eliminate Credit Card Debt + Get Free $100,Jan 26 2017 3:59pm,Thursday
Walmart,Offer Ends Soon! Get a $75 eGift Card when you open a Walmart Credit Card Online!,Jan 26 2017 12:40pm,Thursday
Walmart,Apply for a Walmart Credit Card Online Today!,Jan 26 2017 10:49am,Thursday
Christmas Tree Shops,Earn rewards for all your purchases with the Christmas Tree Shops andThat! Mastercard Credit Card. Apply Now.,Jan 24 2017 1:05pm,Tuesday
Walmart,Limited Time! Open a Walmart Credit Card Online & Get a $50 eGift Card!,Jan 23 2017 10:42am,Monday
Walmart,Open a Walmart Credit Card Online & Get a $50 eGift Card!,Jan 23 2017 10:22am,Monday
Williams Sonoma,The NEW Williams Sonoma Credit Card - Enjoy 20% Off Today + Free Standard Shipping Every Day,Jan 21 2017 5:26pm,Saturday
Evine,Members only (that's you). FREE SHIPPING with your EVINE Live Credit Card,Jan 19 2017 1:21pm,Thursday
Walmart,Apply for a Walmart Credit Card today!,Jan 16 2017 9:03am,Monday
moneyexpert.com,Our Top Saving Deals | MBNA Platinum Credit Card | iPhone 6 16GB | TSB Loan | Cheap Home Insurance,Jan 14 2017 8:44am,Saturday
Bed Bath & Beyond,Earn 5% Back in Rewards on Your Purchases at Bed Bath & Beyond with the Bed Bath & Beyond Mastercard Credit Card!,Jan 14 2017 8:31am,Saturday
San Diego Union-Tribune,Special 8-week free trial - NO credit card required!,Jan 13 2017 1:02pm,Friday
Kim Komando's Special Alert,Watch out! Phishing scam tricking Netflix users into revealing their credit card info,Jan 12 2017 8:15pm,Thursday
Laura Ashley,Further Reductions PLUS Apply for our Credit Card,Jan 12 2017 2:26am,Thursday
The Washington Post,"D.C. Headlines: D.C.’s credit card was shut off, and that wasn’t the worst of Snowzilla, audit finds",Jan 11 2017 1:00pm,Wednesday
Lord & Taylor,Up to 75% OFF clearance + MORE SAVINGS when you open a credit card!,Jan 11 2017 10:20am,Wednesday
Walmart,Apply for a Walmart Credit Card today,Jan 9 2017 9:03am,Monday
Buytopia Deals,Forget Credit Card Debt + Get $100 Free,Jan 4 2017 4:18pm,Wednesday
RewardsRUs,"Open an ""R""Us Credit Card & Get 10% OFF on Thursdays!",Jan 4 2017 8:13am,Wednesday
moneyexpert.com,New Year's Resolutions | All Inclusive Malta Break | Broadband Deals | Improve Your Credit | Low Loan Rate | Market Leading Credit Card | Great Savings Account,Dec 29 2016 5:18am,Thursday
Walmart,Apply for a Walmart Credit Card today!,Dec 27 2016 3:47pm,Tuesday
Walmart,Apply for a Walmart Credit Card today,Dec 27 2016 2:21pm,Tuesday
Walmart,Apply for a Walmart Credit Card today!,Dec 22 2016 8:16pm,Thursday
Walmart,Apply for a Walmart Credit Card today!,Dec 21 2016 9:01pm,Wednesday
MarkaVIP,Extra 20% OFF Credit Card Orders! Use Code: CRD20,Dec 21 2016 7:54am,Wednesday
Bank of America Newsroom,Bank of America to Sell U.K. Consumer Credit Card Business MBNA Ltd.,Dec 20 2016 6:50am,Tuesday
SmartAsset,The Best Time to Pay Your Credit Card Bill,Dec 19 2016 7:30pm,Monday
Evine,$1.99 Shipping on gorgeous gifts with your Evine Credit Card!,Dec 18 2016 10:02am,Sunday
Walmart,Open a Walmart Credit Card online & get a $50 eGift Card! Limited time offer.,Dec 17 2016 8:48pm,Saturday
moneyexpert.com,Our Top Saving Deals | MBNA Platinum Credit Card | E-SegWheel 800W Scooter | Cheap Health Insurance | Barclaycard 25/25 Card,Dec 17 2016 8:33am,Saturday
Harmon,Introducing the Harmon® Face Values® Mastercard® Credit Card,Dec 15 2016 9:09am,Thursday
Walmart,Apply for a Walmart Credit Card today!,Dec 11 2016 8:07pm,Sunday
MarkaVIP,Ends Today! Extra 20% OFF Credit Card Orders. Use Code: CRD20,Dec 10 2016 12:02am,Saturday
Walmart,Open a Walmart Credit Card & save up to $50,Dec 6 2016 10:52pm,Tuesday
Kim Komando's Breaking News,"Online credit card fraud skyrocketing, Another Samsung phone explodes, Get this Google app in case of an emergency, and more! - Mon. Dec. 5, 2016",Dec 5 2016 2:26pm,Monday
MarkaVIP,Get an Extra 20% Off your order when you buy using your credit card! Use Code: CRD20,Dec 5 2016 7:19am,Monday
The Washington Post,Innovations: How artificial intelligence could stop those awkward moments when your credit card is mistakenly declined,Dec 3 2016 12:00pm,Saturday
Kim Komando's Helpful Tip,"The latest threats in cybersecurity, How to spot a credit card skimmer, 5 digital tricks you'll love, and more - Sun., Nov. 27, 2016",Nov 27 2016 4:42am,Sunday
Walmart,Apply for a Walmart Credit Card today!,Nov 26 2016 3:25pm,Saturday
Jennifer M. Condaras,Daily Compliance Item- 11.25.16- 16.11.2.2- Loaning Credit Card to a Student-Athlete,Nov 25 2016 7:45am,Friday
Credit Card,Get Instant credit card approval,Nov 23 2016 12:37am,Wednesday
Racked,Credit Card Points: Let's Talk About Those,Nov 21 2016 12:45pm,Monday
Walmart,Apply for a Walmart Credit Card today!,Nov 20 2016 8:02pm,Sunday
Fanatics.com,Add The NFL Extra Points Credit Card To Your Lineup,Nov 18 2016 5:08am,Friday
Lorman Education Services,How to Minimize Credit Card Processing Fees,Nov 17 2016 2:02pm,Thursday
moneyexpert.com,iPad Mini | A Stay At The Blue Boar Inn in Warwickshire | CHRISTMAS FOOD BASKET | Balance Transfer Credit Card,Nov 16 2016 10:31pm,Wednesday
ncrowd.co.uk,Stay At The Blue Boar Inn in Warwickshire | CHRISTMAS FOOD BASKET | iPad Mini | Balance Transfer Credit Card,Nov 16 2016 8:38pm,Wednesday
member@hansonellis.com,conrad Wed. DealZone! - Zippo Leather Credit Card and Silver Money Clip at HansonEllis.com,Nov 16 2016 10:37am,Wednesday
member@hansonellis.com,Conrad Wed. DealZone! - Zippo Leather Credit Card and Silver Money Clip at HansonEllis.com,Nov 16 2016 10:34am,Wednesday
Walmart,New Walmart Credit Card holders can save up to $50,Nov 14 2016 10:11pm,Monday
Walmart,Apply for a Walmart Credit Card today!,Nov 14 2016 7:46pm,Monday
Pittsburgh Steelers,Score More Points with the Steelers Extra Points Credit Card,Nov 14 2016 3:19pm,Monday
Aon Financial Institutions Advisor,Citi allows credit card dispute via app,Nov 9 2016 2:02pm,Wednesday
moneyexpert.com,Our Top Saving Deals | Credit Card for Christmas | UK's Best Broadband Deals | Everest Windows | Hassle Free Boilers | iPad Mini 16GB,Nov 9 2016 10:48am,Wednesday
Pottery Barn Kids,Free shipping starts now + DOUBLE REWARDS with your Pottery Barn Kids credit card,Nov 3 2016 7:26am,Thursday
natick.wickedlocal.com,Natick Bulletin and Tab: DA: Two used fake credit card to buy furniture in Natick,Oct 30 2016 6:10am,Sunday
natick.wickedlocal.com,Natick Bulletin and Tab: DA: Two used fake credit card to buy furniture in Natick,Oct 29 2016 6:08am,Saturday
Walmart,Save 10% today when you open a Walmart Credit Card,Oct 27 2016 10:23pm,Thursday
moneyexpert.com,Our Top Saving Deals | MBNA Platinum Credit Card | Christmas Market | Apple Watch | Home Insurance,Oct 26 2016 11:06am,Wednesday
Walmart,Save 10% today when you open a Walmart Credit Card,Oct 24 2016 10:53am,Monday
Wawa,"Save 25¢/gallon for the first two months*, then 5¢/gallon after that with the Wawa Credit Card!",Oct 19 2016 12:11pm,Wednesday
moneyexpert.com,Our Top Saving Deals | nuba Transfer Credit Card | iPhone 6 | Pet Insurance | Everest Windows,Oct 19 2016 10:50am,Wednesday
Techlicious,GOP Donor Credit Card Info Stolen by Russian Hackers,Oct 18 2016 3:55pm,Tuesday
Walmart,Save 10% today when you open a Walmart Credit Card,Oct 16 2016 9:46am,Sunday
Century 21 Department Stores,You’re Invited To Apply: Introducing The New C21STATUS Credit Card,Oct 14 2016 1:10pm,Friday
Lorman Education Services,Minimizing Credit Card Processing Fees,Oct 13 2016 3:24pm,Thursday
Refinery29 SF,What credit-card companies don't want you to know...,Oct 10 2016 2:45pm,Monday
Yugster,"82% Off Folding Pet Kennel | 54% Off Shark Steam Mop | 80"" Cat Condo | HP Core i5 Desktop | Orthopedic Pet Bed | 10-in-1 Credit Card Tool",Oct 8 2016 10:09am,Saturday
Forever 21,Get REWARDED with the NEW F21 Credit Card !,Oct 7 2016 12:15pm,Friday
Life & Style,Tori Spelling Forced to Pay $38K in Unpaid Credit Card Debt!,Oct 4 2016 3:31pm,Tuesday
PolicyGenius,"Earn more credit card rewards, survive open enrollment, and be happy",Sep 30 2016 2:32pm,Friday
Candleberry Co.,Credit Card Issue with Candleberry Site,Sep 29 2016 3:19pm,Thursday
moneyexpert.com,Compare Gas & Electricity | MBNA Platinum Credit Card | TSB Loan | Home Insurance Quote,Sep 28 2016 11:19am,Wednesday
Coldwater Creek,Apply Now for a Coldwater Creek Credit Card,Sep 27 2016 10:59am,Tuesday
Deal of the Day,A Flat Flashlight about the thickness of a credit card? You've gotta see this,Sep 25 2016 5:31am,Sunday
moneyexpert.com,MBNA Platinum Credit Card - 0% on balance transfers for up to 41 months,Sep 23 2016 11:11am,Friday
Wawa,Save on fuel with the Wawa® Credit Card!,Sep 22 2016 12:20pm,Thursday
Williams-Sonoma,Introducing the NEW Williams Sonoma Credit Card!,Sep 21 2016 5:30pm,Wednesday
Pittsburgh Steelers,Get in the Game with the Steelers Extra Points Credit Card!,Sep 20 2016 12:41pm,Tuesday
Kim Komando's Breaking News,"Massive phishing scam targets credit card users, Samsung replacements for Galaxy Note 7, iPhone 7 glitches?, and more - Mon. Sept. 19, 2016",Sep 19 2016 4:12pm,Monday
Williams-Sonoma,Fresh Squeezed! 20% Off Breville Juicers + Introducing the NEW Williams Sonoma Credit Card!,Sep 18 2016 1:27pm,Sunday
Williams-Sonoma,"Pasta Night! 20% Off Cookware, Tools, Sauces & More + Introducing the NEW Williams Sonoma Credit Card!",Sep 15 2016 1:22pm,Thursday
J.Jill,25% off entire purchase + everyday 5% off with J.Jill credit card.,Sep 14 2016 8:08am,Wednesday
Williams-Sonoma,The NEW Williams Sonoma Credit Card - Enjoy 20% Off Today + Free Standard Shipping Every Day.,Sep 13 2016 5:30pm,Tuesday
Younkers Rewards,Tomorrow ONLY: Open a Your Rewards Credit Card & Earn $100 in Bonus Rewards,Sep 7 2016 9:07pm,Wednesday
Bank of America Newsroom,Allegiant and Bank of America Announce New Allegiant World MasterCard® Credit Card Program,Sep 6 2016 5:03am,Tuesday
ncrowd.co.uk,"Free P&P on Deals £20+ | MBNA 41 month 0% Balance Transfer Credit Card, Shapewear, Lean Meat Hamper",Sep 5 2016 8:39pm,Monday
Bloomberg,A credit card so popular the bank ran out of them,Sep 2 2016 1:03pm,Friday
member@hansonellis.com,Hi conrad 50% Off Friday DealZone! Zippo Leather Credit Card and Silver Money Clip at HansonEllis.com,Sep 2 2016 7:33am,Friday
Coldwater Creek,Apply for a Coldwater Creek Credit Card Today!,Aug 25 2016 3:04pm,Thursday
Lorman Education,Procurement Card and Credit Card Risk in Organizations,Aug 23 2016 1:21pm,Tuesday
Kim Komando's Breaking News,"Windows flaw lets hackers exploit PCs undetected, Mobile browsing puts credit card details at risk, Craigslist recalled items to watch out for, and more - Wed. Aug. 17, 2016",Aug 17 2016 4:03pm,Wednesday
DailySteals,"Samsung Gear S2 + Hanes Men's ComfortSoft + Credit Card Sleeve Cases + Yurbuds Headphones + Acer Iconia 8"" Tablet + Mosquito Net Hat + more!",Aug 17 2016 1:07am,Wednesday
Gander Mountain,Earning Rewards is Easy with the Gander Mountain Credit Card,Aug 13 2016 5:28pm,Saturday
Walmart,Why a Walmart Credit Card? Rewards!,Aug 13 2016 12:01pm,Saturday
ReadyForZero,A Personal Loan > Your Credit Card,Aug 13 2016 8:08am,Saturday
Aon Financial Institutions Advisor,Fall-back credit card fraud poses challenges for banks,Aug 10 2016 12:36pm,Wednesday
☆ PIA,"Successful Credit Card Payment $21,549.12 conrad.jones@skymosity.com",Aug 2 2016 1:26pm,Tuesday
☆ PIA,Refund Confirmation of Credit Card Purchase,Aug 1 2016 7:36pm,Monday
☆ Billing,Re: Suspended CREDIT CARD Account,Aug 1 2016 12:53am,Monday
☆ PIA,"Confirmation of Credit Card Payment $8,549.18 conrad.jones@skymosity.com",Jul 31 2016 1:29am,Sunday
Envelopes.com,Credit Card Sleeves: Plain or Custom Printed!,Jul 29 2016 1:35pm,Friday
WWD Week in Beauty,Week In Beauty: Ulta Beauty Launches Credit Card Program,Jul 29 2016 11:51am,Friday
=?US-ASCII?Q?Federal_Trade_Commission?=,FTC Sends Out Third Round of Redress Checks to Victims of the J.K. Publications Credit Card Fraud,Jul 26 2016 2:42pm,Tuesday
FierceTechExec,| 07.25.16 | Why security remains a critical issue for vulnerable credit-card traffic,Jul 25 2016 2:12pm,Monday
Cardinal Bank,"Enhanced Card Fraud Alerts, First Steps to Save for College, Five Business Credit Card Advantages And More in this Month’s Cardinal Clicks!",Jul 25 2016 10:07am,Monday
USA.gov,Tips to Be a Smart and Safe Online Shopper | A Helpful Guide to Choosing a Credit Card,Jul 13 2016 10:26am,Wednesday
Dave Ramsey,How to Travel Without a Credit Card,Jul 11 2016 7:46am,Monday
17hats,Introducing eChecks! Stop Paying Credit Card Transaction Fees!,Jun 21 2016 3:22pm,Tuesday
Costco Wholesale,Visa is now the only major credit card accepted at Costco warehouses.,Jun 20 2016 3:11pm,Monday
SmartAsset,Top 5 Credit Card Perks That Protect Your Summer Travel,Jun 15 2016 6:00pm,Wednesday
fullbeauty.com,$10 Rewards + Free Shipping! Open a fullbeauty Platinum Credit Card NOW!,Jun 11 2016 12:17pm,Saturday
Buytopia Exclusive,Forget Credit Card Debt + Free $100 Gift Card Inside,Jun 7 2016 11:24am,Tuesday
The Cheat Sheet,3 Purchases You Should Never Charge on a Company Credit Card,Jun 4 2016 6:01am,Saturday
Brian Krebs Bot,[Krebs on Security] Banks: Credit Card Breach at CiCi's Pizza,Jun 3 2016 7:56pm,Friday
IWantOneOfThose.com,New In: Desktop Arcade Machine | Credit Card Portable Charger only £8.99 | The Ultimate Father's Day Bundle,Jun 2 2016 7:31am,Thursday
PayPal,⌚ 👜 The PayPal Extras MasterCard credit card has its rewards. Literally,May 27 2016 6:59pm,Friday
FierceITSecurity,| 05.26.16 | Credit card skimmers at Walmart locations resemble skimmer kit,May 26 2016 2:11pm,Thursday
DealNews,[Blog] Your Costco Credit Card is About to Change for the Better,May 22 2016 10:30am,Sunday
Incipio,Leave Your Wallet at Home! The STASHBACK Credit Card Case is Here,May 4 2016 9:00am,Wednesday
braves.com,Exclusive Offer $200 Cash Rewards Bonus with the Atlanta Braves Credit Card,May 3 2016 4:02pm,Tuesday
MLB.com Partners,Exclusive Offer $200 Cash Rewards Bonus with the MLB Credit Card,May 2 2016 12:16pm,Monday
T+L Just In,Is the Most Expensive Travel Credit Card Worth It?,May 1 2016 11:40am,Sunday
CandyStore.com,Last Chance: Steal Your Boss's Credit Card NOW 😉,Apr 28 2016 7:17pm,Thursday
=?UTF-8?B?UGF5UGFsIEV4dHJhcyBNYXN0ZXJDYXJkwq4=?=,The PayPal Extras MasterCard credit card has its rewards. Literally.,Apr 24 2016 10:28pm,Sunday
Zales,Shop & Save More With Zales Credit Card,Apr 23 2016 10:21am,Saturday
=?UTF-8?B?UGF5UGFsIEV4dHJhcyBNYXN0ZXJDYXJkwq4=?=,The PayPal Extras MasterCard credit card has its rewards. Literally.,Apr 8 2016 10:36pm,Friday
Bob Castro,"Marketing Experts and BHG executives weigh in about credit card, working capital tips",Apr 7 2016 7:01am,Thursday
=?US-ASCII?Q?National_Institute_of_Standards_and_Technology_(NIST)?=,"NIST Tech Beat: Breast Cancer MRI Standard, Credit Card Encryption",Mar 30 2016 10:40am,Wednesday
BEstCard,we have a credit card for you.,Mar 30 2016 3:16am,Wednesday
=?UTF-8?B?UGF5UGFsIEV4dHJhcyBNYXN0ZXJDYXJkwq4=?=,The PayPal Extras MasterCard credit card has its rewards. Literally.,Mar 28 2016 2:23am,Monday
Bago Travel Bags,[Blog Post] How To Choose The Right Travel Credit Card!,Mar 21 2016 9:33am,Monday
=?UTF-8?B?UGF5UGFsIEV4dHJhcyBNYXN0ZXJDYXJkwq4=?=,The PayPal Extras MasterCard credit card has its rewards. Literally.,Mar 17 2016 12:45am,Thursday
BrylaneHome,Open & use a BrylaneHome Credit Card – Get 100 Bonus Points!,Mar 12 2016 10:00am,Saturday
nCrowd.co.uk,"2nt Oxfordshire Retreat, Relaxation Treatment | UK?s Best Balance Transfer Credit Card from Tesco Bank | Oxfordshire Afternoon Tea and Relaxation | Professional Ionic Hair Straightener Brush",Mar 11 2016 1:32am,Friday
Moneyexpert.com,UK's Best Balance Transfer Credit Card from Tesco Bank! Nuffield Health: Free Day Pass only £1 | X-Bike Folding Exercise Bike | Family Break at Pontins,Mar 10 2016 9:12am,Thursday
=?US-ASCII?Q?Federal_Trade_Commission?=,FTC Action Leads to Court Orders Against Scheme That Charged Millions of Dollars to Consumers' Bank and Credit Card Accounts Without Their Consent,Mar 9 2016 11:32am,Wednesday
Buytopia Exclusive,Last Chance: Free $100 Gift Card & No Credit Card Debt for 1 Year,Feb 29 2016 9:00pm,Monday
Gander Mountain,Earn Double Points With Your Gander Mountain Credit Card!,Feb 27 2016 5:40pm,Saturday
DealNews Morning,This Morning's Top Deals: Swiss Wear Credit Card Holder Wallet for $4 & More,Feb 27 2016 8:07am,Saturday
Bago Travel Bags,[Blog Post] Strip vs. Chip - The Safest Credit Card For Overseas Travel!,Feb 25 2016 8:49am,Thursday
Moneyexpert.com,Choosing the right credit card or loan is now even easier. Compare today!,Feb 20 2016 4:39am,Saturday
HairBow Center,Read how our credit card gateway maintenance will affect your user account,Feb 18 2016 12:19pm,Thursday
Buytopia Exclusive,Forget Credit Card Debt & Get $100 Free,Feb 17 2016 10:46am,Wednesday
Walmart,Enjoy the perks of a Walmart Credit Card.,Feb 14 2016 9:51am,Sunday
fullbeauty.com,Extra 30% OFF ǀ 40% OFF when you open a fullbeauty Platinum Credit Card,Feb 13 2016 12:20pm,Saturday
Pottery Barn,Reward Yourself! Earn 20% back with a Pottery Barn Credit Card – through Monday!,Feb 6 2016 5:15pm,Saturday
Buytopia Exclusive,Want to Eliminate Credit Card Debt?,Jan 29 2016 11:46am,Friday
Brian Krebs Bot,[Krebs on Security] Wendy's Probes Reports of Credit Card Breach,Jan 27 2016 9:36am,Wednesday
MarkaVIP.com,"Nike: Sneakers, Tops & More. Get 15% Off Credit Card Orders",Jan 25 2016 7:44am,Monday
Jetsetter,Secret Credit Card Charges That Could Ruin Your Trip,Jan 24 2016 11:51am,Sunday
MarkaVIP.com,It's Versace Day. Get 15% Off Credit Card Orders,Jan 24 2016 8:34am,Sunday
Moneyexpert.com,Comparing Credit Cards! Santander 123 Credit Card vs. Halifax Balance Transfer Card? Pick Your Winner.,Jan 23 2016 3:17am,Saturday
MarkaVIP.com,Treat Your Feet With FitFlop Sandals & More. 15% Off Any Credit Card Orders,Jan 23 2016 12:45am,Saturday
Boston Store Rewards,Open a Your Rewards Credit Card & Earn $100 in BONUS Rewards Cards ☑,Jan 22 2016 4:11pm,Friday
MarkaVIP.com,Gucci Watches. Get 15% Off Any Credit Card Order,Jan 22 2016 1:34am,Friday
Boston Store Rewards,Open a Your Rewards Credit Card & Earn $100 in BONUS Rewards Cards • Starts Tomorrow!,Jan 20 2016 9:05pm,Wednesday
MarkaVIP.com,Find Your Jordans. Get 15% Off Any Credit Card Order,Jan 20 2016 2:57am,Wednesday
T+L's Just In,Looking for the Perfect Travel Credit Card? This is it.,Jan 19 2016 9:56am,Tuesday
MarkaVIP.com,Must-Haves From Polo Ralph Lauren & More. Take Extra 15% Off Any Credit Card Order,Jan 19 2016 4:53am,Tuesday
MarkaVIP.com,Enjoy 15% Off Credit Card Orders. Limited Time Only,Jan 17 2016 1:57am,Sunday
Vistaprint,Get a free Square credit card reader.,Jan 14 2016 7:20am,Thursday
Buytopia Products,Want to Eliminate Your Credit Card Bill?,Jan 12 2016 10:37am,Tuesday
=?US-ASCII?Q?Federal_Trade_Commission?=,FTC and State of Florida Sue Payment Processing Operation for Credit Card Laundering and Assisting Debt Relief Scam,Jan 8 2016 10:33am,Friday
Deal of the Day,Don't miss the fine print... See it big and clear with the Credit Card Lighted Magnifier 2 pk!,Jan 7 2016 4:31am,Thursday
Best of PCWorld,Check your credit card bills: Hyatt Hotels payment systems compromised by malware,Dec 25 2015 6:03am,Friday
SBI-Card,Get 2 free-Movie tickets every month with SBI signature Credit-Card,Dec 24 2015 1:55am,Thursday
Card Offers,Pre Approved Credit Card,Dec 23 2015 1:40am,Wednesday
=?US-ASCII?Q?Federal_Trade_Commission?=,Credit Card Laundering Scheme Participants Settle FTC Charges,Dec 22 2015 1:46pm,Tuesday
ReadyForZero,A Personal Loan > Your Credit Card,Dec 22 2015 8:03am,Tuesday
Walmart,"Hurry, our best offer ever – open a Walmart Credit Card today",Dec 19 2015 6:22pm,Saturday
Dave Ramsey,7 Sneaky Tricks Credit Card Companies Play at Christmas,Dec 17 2015 8:12am,Thursday
Walmart,"Hurry, our best offer ever – open a Walmart Credit Card today",Dec 12 2015 3:50pm,Saturday
NM Last Call,Merry & bright REDS | Friends & Family (40% off everything with NM credit card + code),Dec 7 2015 6:01pm,Monday
Card Offers,Pre Approved Credit Card,Nov 26 2015 2:44am,Thursday
ensogo.com.my,Get Extra 12% OFF with Maybank Credit Card.,Nov 22 2015 9:16pm,Sunday
Walmart,Get ready for Black Friday – Open a Walmart Credit Card account and start saving,Nov 21 2015 5:55pm,Saturday
Walmart,Our best offer ever – open a Walmart Credit Card today,Nov 18 2015 9:19pm,Wednesday
ensogo.com.my,Save Extra 12% For Your Home With Maybank Credit Card...,Nov 16 2015 3:54am,Monday
MarkaVIP.com,"Armani, Citizen, Seiko & More in Our Watch Boutique. Get 15% Off Credit Card Orders.",Nov 14 2015 1:16am,Saturday
Christopher & Banks | CJ Banks,No C&B Credit Card? See What You’re Missing...,Nov 12 2015 6:00am,Thursday
MarkaVIP.com,Up to 40% Off Our Sweater Shop. Extra 15% Off Credit Card Orders,Nov 12 2015 5:45am,Thursday
MarkaVIP.com,Up to 75% Off Designer Watches. Extra 15% Off Credit Card Orders,Nov 11 2015 3:12am,Wednesday
Investopedia Partner Offer,Apple dropped a bomb on your credit card company,Nov 9 2015 8:00am,Monday
MarkaVIP.com,Shop Diesel. Plus Get Extra 15% Off Credit Card Orders,Nov 9 2015 2:28am,Monday
MarkaVIP.com,Style Update with Prada. Get Extra 15% Off All Credit Card Orders,Nov 8 2015 5:51am,Sunday
MarkaVIP.com,Up to 40% Off Cole Haan. Plus Extra 15% Off All Credit Card Orders,Nov 7 2015 12:31am,Saturday
Wawa,Apply for the Wawa® Credit Card!,Nov 5 2015 12:08pm,Thursday
Frontgate,Introducing the Frontgate Credit Card,Nov 3 2015 6:02pm,Tuesday
MarkaVIP.com,Extra 15% Off All Credit Card Orders - Discount Code Inside,Nov 2 2015 8:59am,Monday
Walmart,Save $35 when you open a Walmart Credit Card and spend $75 today.,Nov 1 2015 4:36pm,Sunday
Investopedia Partner Offer,Apple has some important news concerning your credit card,Oct 25 2015 8:00am,Sunday
WWE Network,Watch Hell in a Cell This Sunday. No Credit Card Needed!,Oct 23 2015 2:03pm,Friday
Touch of Modern,"3D wallpaper, Ultimate car campers, Swiss watches, Parisan beanbags, Electric fireplaces, Credit card axes, Machined tablets stands, French flatware, Multifunctional grillware, Sophisticated bags & More...",Oct 22 2015 12:11pm,Thursday
Techlicious,Watch Out For This New Credit Card Scam,Oct 21 2015 11:03am,Wednesday
Dummies.com Newsletters,Personal Finance & Careers: Tracking and Reducing Your Credit Card Debt,Oct 21 2015 1:00am,Wednesday
PureWow Money,Is your credit card company robbing you blind?,Oct 20 2015 11:01am,Tuesday
ReadyForZero,What Happens If I Only Pay The Minimum on My Credit Card?,Oct 20 2015 9:02am,Tuesday
ensogo.com.my,Announcement: EXTRA 15% Off For Citibank Credit Card Users!,Oct 18 2015 10:58pm,Sunday
MindMaster Newsletter,5 Day Free Trial (No Credit Card Req),Oct 16 2015 12:47pm,Friday
Wawa,The Wawa Credit Card is here!,Oct 12 2015 1:05pm,Monday
Brian Krebs Bot,[Krebs on Security] Credit Card Breach at America's Thrift Stores,Oct 12 2015 12:56pm,Monday
Gander Mountain,Apply for a Gander Mtn. Card Credit Card and Earn Double Points!,Oct 9 2015 9:21pm,Friday
WWE Network,3 Months Unlimited Access. No Credit Card Needed!,Oct 8 2015 11:37am,Thursday
ReadyForZero,How Does Credit Card Consolidation Work?,Oct 7 2015 9:04am,Wednesday
PureWow Money,The secret to actually paying off credit-card debt,Oct 6 2015 1:46pm,Tuesday
Dvor.com,New @ Dvor: Morphic M34 Month-Long | Wheeler Month-Long Specials | Boker Credit Card Knife...,Oct 1 2015 11:45am,Thursday
Tanga,"Coffee Because Crack T-Shirt | Metropolitan ""Capri"" ID Credit Card Wallet | Top Rated Kitchen Clearance Sale",Sep 26 2015 11:12am,Saturday
Tanga,"Men's Clarks Shoes Sale | Dell 960 Desktop Minitower, 4GB RAM, 160GB HDD | 5-Pack RFID Identity Theft Protection Credit Card Sleeves",Sep 24 2015 11:13am,Thursday
JCPenney,Last Chance! Hours left to save extra 25% off at our VIP Event with your JCPenney Credit Card,Sep 22 2015 7:58pm,Tuesday
USPS Office of Inspector General,Management Alert – Controls Over Credit Card Data at the National Customer Support Center,Sep 22 2015 4:21pm,Tuesday
Pittsburgh Steelers,Get in the Game with the Steelers Extra Points Credit Card!,Sep 21 2015 5:30pm,Monday
NM Last Call,For friends and family: you're on the list :-) Get an extra 30% off everything + save even more with your NM credit card | See Fall trends,Sep 20 2015 1:05pm,Sunday
NM Last Call,<3 For friends and family: important information! Get an extra 30% off everything + save even more with your NM credit card | See Fall trends,Sep 20 2015 1:04pm,Sunday
Gander Mountain,Apply for a Gander Mtn. Credit Card and Earn Double Points!,Sep 16 2015 3:16pm,Wednesday
Amtrak,We've just made our new credit card even better,Sep 14 2015 1:11pm,Monday
myFICO,Apply for a credit card matched to your FICO Score,Sep 13 2015 11:01am,Sunday
Oprah.com Money Newsletter,The Best Credit Card Rewards You're Not Using,Sep 10 2015 2:00pm,Thursday
Jomadeals Top Picks,"More Labor's Day Deals: $34.99 Nautica Watch, Ferragamo Credit Card Case, Tissot Desire Watch | Extra Deals on Citizen Watches and more",Sep 3 2015 8:00am,Thursday
PureWow Money,When you should and shouldn't pay with a credit card,Aug 25 2015 11:55am,Tuesday
Gander Mountain,Apply for a Gander Mtn. Credit Card and Earn Double Points!,Aug 19 2015 1:21pm,Wednesday
myFICO,Apply for a credit card matched to your FICO Score,Aug 16 2015 11:02am,Sunday
Walmart,Save $25 when you open a Walmart Credit Card and spend $75,Aug 15 2015 3:33am,Saturday
PCMag.com Daily News,"Google Creates New Parent Company, Alphabet; iPad Mini 4 Leak; Use Apple Pay to Avoid Credit Card Hacks?",Aug 11 2015 9:44am,Tuesday
Boston Store Rewards,TODAY Only: Open a Your Rewards Credit Card & Earn $100 in Bonus Rewards Cards!,Aug 6 2015 8:15am,Thursday
Boston Store Rewards,Open a Your Rewards Credit Card & Earn $100 in BONUS Rewards Cards • Tomorrow Only!,Aug 5 2015 7:06pm,Wednesday
ReadyForZero,A Personal Loan > Your Credit Card,Aug 5 2015 12:03pm,Wednesday
KingSizeDirect,You're Invited: Apply for Our Credit Card and Save 30% Off Your Order,Aug 5 2015 8:17am,Wednesday
Boston Store Rewards,The Rewards Are All Yours! Apply for a Your Rewards Credit Card Today,Aug 4 2015 5:52pm,Tuesday
myFICO,Cash in on 3 exciting credit card trends,Aug 2 2015 11:02am,Sunday
Federal Trade Commission,FTC Returns Money to Consumers in Credit Card Interest Rate Scam,Jul 30 2015 11:18am,Thursday
Walmart,Save $25 when you open a Walmart Credit Card and spend $75,Jul 27 2015 6:18am,Monday
nCrowd Deals,Diagnostic Car Scanner | Women's Socks | Credit Card Size Flash Charger | Waterproof Headphones,Jul 22 2015 12:30pm,Wednesday
Envelopes.com,Just Added: Credit Card Sleeves in 10 NEW Colors!,Jul 15 2015 11:44am,Wednesday
BrylaneHome,Use Your BrylaneHome® Credit Card for 30% OFF! Or just take 25% off!,Jul 11 2015 9:54am,Saturday
Ace Marking,Re: 198098 - Ace Marking Reply # 070615/ KIM CARLY Pending Order Notice - Ace Marking Secure Online Credit Card Order,Jul 6 2015 1:13pm,Monday
Younkers Rewards,The Rewards Are All Yours! Apply for a Your Rewards Credit Card Today ☑,Jul 3 2015 4:24pm,Friday
Federal Trade Commission,FTC and Florida Attorney General Sue to Stop Illegal Robocalls Pitching Worthless Credit Card Interest Rate Reduction Programs,Jun 29 2015 12:12pm,Monday
Jomadeals Top Picks,Montblanc Leather Credit Card Holder $69 | Hugo Boss Men’s Watch $70 | Victorinox Watches $99 | Alpina Avalanche Extreme Ladies Watch $399,Jun 27 2015 11:00am,Saturday
Asbury Park,APP Breaking News: Seaside Heights woman arrested on credit card theft,Jun 16 2015 8:07am,Tuesday
maurices,20% off new arrivals (5% more with your maurices credit card),Jun 11 2015 10:05am,Thursday
"pc/nametag, Inc.","Ever lose your credit card in a crowded museum? Either way, read on...",Jun 4 2015 2:33pm,Thursday
ReadyForZero,A Personal Loan > Your Credit Card,Jun 3 2015 11:10am,Wednesday
Younkers Rewards,Apply for a Your Rewards Credit Card Today ☑,Jun 2 2015 1:48pm,Tuesday
1Sale.com Deals,Lightweight Backpack $13 - Arc Shaped Mouse $10 - Mosquito/Insect Control $35 - Personalized Mason Jars $8 - Unlocked Amazon Fire Phone $179 - 2 Pairs: Straight Leg Jeans $29 - Galaxy 6 Credit Card Wallet/Case $5 & More!,May 28 2015 11:07am,Thursday
Asbury Park,APP Breaking News: Berkeley police arrest man for stealing credit card,May 22 2015 8:10am,Friday
Dvor.com,New @ Dvor: Guard Dog Flashlight | Boker Credit Card Knife | 5.11 Covert Sale With Dvor...,May 19 2015 11:52am,Tuesday
Boston Store Rewards,Apply for a Your Rewards Credit Card Today,May 11 2015 7:18pm,Monday
DollarDays,Save up to 60% on credit card processing!,May 11 2015 4:03pm,Monday
LogicBUY Best Deals,Price Drops! 31% off Lenovo Yoga AnyPen Tablet + Just $10 for Credit Card sized Power Bank,May 3 2015 8:59am,Sunday
Pittsburgh Steelers,Gear Up for the Draft with the Steelers Extra Points Credit Card,Apr 27 2015 4:30pm,Monday
The Grommet,"Smaller than a credit card, ready to fix your hair.",Apr 13 2015 12:09pm,Monday
Lane Bryant,Get 35% Off Online or 40% with a LB Credit Card,Apr 8 2015 9:20am,Wednesday
Racked,The Secrets of Credit Card Obsessives,Apr 1 2015 1:40pm,Wednesday
Checks In The Mail,Save up to $20 on Checks & 30% off Handy Credit Card/ID Holders,Mar 29 2015 11:00am,Sunday
Opentip.com,Best sellers: Infant T-Shirt only $2.15 | Credit Card Size Bottle Opener only $9,Mar 27 2015 6:09am,Friday
Bon-Ton,Apply for a Your Rewards Credit Card Today,Mar 19 2015 7:34pm,Thursday
Investopedia.com,Apple Has Some Important News About Your Credit Card,Mar 19 2015 8:00am,Thursday
PureWow Los Angeles,Be sure to bring your credit card,Mar 18 2015 2:04pm,Wednesday
Investopedia.com,Apple Has Some Important News About Your Credit Card,Mar 12 2015 8:15am,Thursday
NM Last Call,"Extra 30% Off (or 40% with NM or BG credit card) Women's Apparel, Jewelry, Shoes, & EVERYTHING ELSE",Mar 11 2015 1:03pm,Wednesday
Jacquelyn Brown,Free Video Tutorial: How To Indentify eCommerce Credit Card Fraud Schemes,Mar 9 2015 12:35pm,Monday
Domaine Home,Are you making these common credit card mistakes?,Mar 6 2015 11:01am,Friday
Investopedia.com,Apple Has Some Important News About Your Credit Card,Mar 5 2015 8:30am,Thursday
Bergner's Rewards,Apply for a Your Rewards Credit Card Today,Mar 2 2015 7:37pm,Monday
20150225180828.89BAF74E7@mail.cellz.com,update information credit card,Feb 25 2015 7:46pm,Wednesday
Opentip.com,Super Value: Credit Card Bottle Opener ONLY $1.29,Feb 14 2015 6:10am,Saturday
Boston Store,Apply for a Your Rewards Credit Card Today,Feb 2 2015 4:17pm,Monday
InformationWeek Mobile,"Social Media Betrays Your Credit Card Activity: Study | Microsoft Outlook, Office On iOS & Android: First Look",Feb 2 2015 1:45pm,Monday
Pier 1 Imports,Daily Dealy: 10% off your entire purchase or 15% off with your Pier 1 Rewards credit card.,Jan 23 2015 11:18am,Friday
Deal of the Day,Genuine Leather Credit Card Wallet at the UNBELIEVABLE price of $5 or less!,Jan 10 2015 4:16am,Saturday
New York & Company,"Tonight only, online only: 35% off for Rewards Credit Card members!",Jan 8 2015 5:44pm,Thursday
Walmart,Save up to $35! Get a Walmart Credit Card.,Dec 18 2014 1:24pm,Thursday
Torrid,35% off with a Torrid Credit Card + FREE shipping!,Dec 14 2014 9:10am,Sunday
Pottery Barn,Today Only - 30% off All Towels | Credit Card Double Rewards | Thanksgiving Weekend Deals!,Nov 29 2014 6:02am,Saturday
myFICO,Apply for a credit card matched to your FICO Score,Nov 24 2014 7:02pm,Monday
Walmart,Walmart Credit Card — merry savings!,Nov 22 2014 4:43pm,Saturday
myFICO,Apply for a credit card matched to your FICO Score,Oct 29 2014 7:32pm,Wednesday
NM Last Call,Looks We ♥ for Under $100 (40% Off With Your NM or BG Credit Card),Sep 26 2014 7:01am,Friday
myFICO,Apply for a credit card matched to your FICO Score,Sep 24 2014 7:01pm,Wednesday
myFICO,Apply for a credit card matched to your FICO Score,Aug 27 2014 7:17pm,Wednesday
Halfoffdepot.com,$19 for 2 Drop Stop Car Seat Wedges + Slide-Free Pad & LED Credit Card Light (As Seen on Shark Tank),Aug 21 2014 5:01pm,Thursday
Dealfind Products,Pet Grooming Brush | Revoflex Xtreme Ab Workout | Eyn iPhone Case & Credit Card Holder | Star Projector Lamp | Shoe Racks | Electric Milk Frother | Off The Shoulder Denim Dress | Marvel & DC Comic Metal Signs | 100% Cotton Tank Tops | Survival Filtration Straw,Aug 17 2014 11:03pm,Sunday
myFICO Forums,How will my first credit card affect my score?,Aug 5 2014 7:01pm,Tuesday
myFICO,Apply for a credit card matched to your FICO Score,Jul 30 2014 7:32pm,Wednesday
Government Liquidation,"Laptop & Desktop Computers, Printers, Credit Card Swipe Machines & More",Jul 7 2014 12:02am,Monday
myFICO,Apply for a credit card matched to your FICO Score,Jun 25 2014 7:17pm,Wednesday
myFICO,Apply for a credit card matched to your FICO Score,May 18 2014 10:46am,Sunday
myFICO,Apply for a credit card matched to your FICO Score,Apr 24 2014 7:17pm,Thursday
Dealfind Products,Wireless Selfie Taker | Bamboo Beach Towels | Retro-Style Jumpsuits | Bubble Umbrella | Eyn iPhone Case & Credit Card Holder | Collagen Facial Mask | Leather Cross Bag | Transparent Rain Coat | Chiffon Marilyn Monroe Scarf | Baby Tuxedo Jumpsuit | Dry Steamer | LED Badminton Birdies,Apr 2 2014 10:04pm,Wednesday
TeamBuy Products,Louis Vuitton Vintage Handbags | Wireless Selfie Taker | Bamboo Beach Towels | Retro-Style Jumpsuits | Bubble Umbrella | Eyn iPhone Case & Credit Card Holder | Collagen Facial Mask | Leather Cross Bag | Transparent Rain Coat | Chiffon Marilyn Monroe Scarf | Baby Tuxedo Jumpsuit | Dry Steamer | LED Badminton Birdies,Apr 2 2014 11:55am,Wednesday
Dealfind Products,RCA HD Camcorder | Insect Repellent Mesh Door Net | Celebrity Inspired Spring Dress | Personal Suspension Training Kit | 'Medieval Lord' Ring | DG Sunglasses | Grape & Red Lace Full-Fit Bra Set | Eyn Samsung S4 Case & Credit Card Holder | Leopard Print Hoodie Jacket | Chef Buddy Dessert Stand,Apr 1 2014 10:04pm,Tuesday
TeamBuy Products,RCA HD Camcorder | Insect Repellent Mesh Door Net | Celebrity Inspired Spring Dress | Personal Suspension Training Kit | 'Medieval Lord' Ring | DG Sunglasses | Grape & Red Lace Full-Fit Bra Set | Eyn Samsung S4 Case & Credit Card Holder | Leopard Print Hoodie Jacket | Macbook Air & Pro Cases | Chef Buddy Dessert Stand,Apr 1 2014 2:22pm,Tuesday
myFICO,Apply for a credit card matched to your FICO Score,Mar 27 2014 8:26pm,Thursday
myFICO Forums,How to play the credit card game,Mar 25 2014 7:17pm,Tuesday
LivingSocial Shop,Stylish London Slim Fit Men's Blazer / Credit Card Charger for Smartphone / Black & Decker 54 Pieces A7071 Battery-Powered Screwdriver / 2 Pairs of Weight Loss Magnetic Slimming Toe Ring,Mar 24 2014 3:00am,Monday
Premium Aquatics,20% OFF Quiet One PRO Pumps & Secure Credit Card Update,Mar 20 2014 8:37pm,Thursday
myFICO,Apply for a credit card matched to your FICO Score,Mar 19 2014 7:01pm,Wednesday
Businessweek Insider,Missed Alarms and 40 Million Stolen Credit Card Numbers: How Target Blew It,Mar 15 2014 10:48am,Saturday
Businessweek Daily,Missed Alarms and 40 Million Stolen Credit Card Numbers: How Target Blew It,Mar 13 2014 6:32pm,Thursday
TeamBuy,iPhone Credit Card Case | Trendy Striped Blouse | Bamboo Striped Sheet Set,Feb 12 2014 9:03am,Wednesday
T+L Just In,Chill Out: Best Ski Resort Restaurants and Best Ski Towns; Hotels Hit by Credit Card Hack?,Feb 6 2014 1:34pm,Thursday
Dealfind,Eyn iPhone Case + Credit Card Holder | Detox Foot Patches | Fitness Balance Board | Swarovski Elements Jewellery Trio & More,Feb 6 2014 11:35am,Thursday
Dealfind Products,D-Link Wireless-N USB Adapter | Clarisonic Compatible Brush Heads | Hair Rage Pro Flat Iron | Loom Bands Kit | RFID Blocking Credit Card Wallet | Gold-Plated Rose | Fleece Lounge Pants | Leather Lace Gloves,Jan 28 2014 10:03pm,Tuesday
TeamBuy Products,Goose Feather Duvets | D-Link Wireless-N USB Adapter | Clarisonic Compatible Brush Heads | Gym Towel Set | Hair Rage Pro Flat Iron | Loom Bands Kit | MP3 Player | RFID Blocking Credit Card Wallet | Gold-Plated Rose | Fleece Lounge Pants | Leather Lace Gloves,Jan 28 2014 11:55am,Tuesday
Dealfind Products,HD Dashboard Camera | Credit-Card Sized Charger | USB Keyboard Vacuum | Nail Art Stickers | Head Massagers & More,Jan 19 2014 11:04pm,Sunday
TeamBuy Products,Samsung Baby Monitor | Lancaster Pens | Toastess Popcorn Maker | Call Display Case for iPhone 5 | HD Car Video Recorder With Night Vision | Swarovski Tri Set | Credit Card Charger | Mini USB Vacuum Cleaner,Jan 19 2014 7:14pm,Sunday
1Sale.com Deals,6 Pk Diabetic Socks $15 - Microplush Blanket $18 - Gel Bicycle Seat Cover $9 - Skagen Ladies Watch $70 - 1 Ct Diamond Ring $450 - iHome AirPlay $60 - 2Pk Credit Card Knife $8 - USB Wifi Adapter $8 - 5in1 Callus Remover $25 & More!,Jan 11 2014 10:42am,Saturday
WWD.com,Neiman's Hit By Credit Card Breach: WWD News Alert,Jan 11 2014 12:29am,Saturday
Boston Store Rewards,Get exclusive savings + more with a Your Rewards credit card.,Dec 29 2013 4:05pm,Sunday
Businessweek Daily,Why the U.S. Leaves Its Credit-Card System Vulnerable to Fraud,Dec 23 2013 7:53pm,Monday
TALBOTS,Ends Today - 25% Off With Your Talbots Credit Card! 25% Off Fall Sweaters too!,Oct 6 2013 4:55am,Sunday
TALBOTS,25% Off Fall Sweaters or 25% Off Everything With Talbots Credit Card,Oct 4 2013 4:59am,Friday
TALBOTS,The Colors of Fall + 25% OFF With Your Talbots Credit Card!,Sep 29 2013 10:32am,Sunday
TALBOTS,NOW! 25% off EVERYTHING with your Talbots Credit Card!,Sep 27 2013 8:53am,Friday
TeamBuy Products,6 Piece Egyptian Towel Set | Belkin iPad Stand | iPhone 5 Credit Card Case | Temperature Sensitive LED Shower Head | Jumper Cable Set & More,Sep 24 2013 12:13pm,Tuesday
Costco Wholesale,"Save On Spas, Credit Card Processing, Keurig Brewed® K-Cup® Packs and More!",Sep 24 2013 5:01am,Tuesday
Tanga,"Football is Back! Get Your Team's NFL Extra Points Credit Card, Plus Deals on Team Merchandise",Sep 6 2013 2:42pm,Friday
Tanga,"Prepare for Kickoff! NFL Extra Points Credit Card, Plus Deals on Team Merchandise",Sep 4 2013 2:41pm,Wednesday
TeamBuy Products,10% OFF SITE-WIDE | Cookie Press Set | Passion Wave Rabbit Vibrator | Case Stand for iPad | Ultra-Thin Credit Card Size 3x Magnifier | Double Sided Swarovski Elements Crystal Hoop Earrings,Aug 31 2013 11:10am,Saturday
Boston Store Rewards,Get exclusive savings + more with a Your Rewards credit card.,Aug 27 2013 4:16pm,Tuesday
Dealfind Products,Taylor Swift or Katy Perry Meow Perfume | Stylehouse Curling Wand | Eyn iPhone 4 Case & Credit Card Holder | Neon Rain Boots | Tan Through Bikinis | Breed Watches | Banksy Canvas Art,Aug 20 2013 10:02pm,Tuesday
TeamBuy Products,"Air Optix Contacts | Stylehouse Curling Wand | Eyn iPhone 4 Case & Credit Card Holder | Striped Microfiber Sheets | Neon Rain Boots | Tan Through Bikinis | Breed Watches + Flyers & Coupons from Target, Future Shop & More!",Aug 20 2013 4:08pm,Tuesday
PCWorld,"Fast, easy, free remote access � no credit card required",Aug 6 2013 3:51pm,Tuesday
Boston Store Rewards,Get exclusive savings + more with a Your Rewards credit card.,Jul 31 2013 7:14pm,Wednesday
Boston Store,Get exclusive savings + more with a Your Rewards credit card,Jun 30 2013 7:25pm,Sunday
Dealfind Products,HTC Tangle-Free Headphones | Men's Watches | Slimming Body Shaper | iPhone Credit Card Case & More,Jun 12 2013 10:03pm,Wednesday
TeamBuy Products,"MAC Makeup Eye Palette, Eyn iPhone Credit Card Case, iView Android Tablets, BREED Watches & More",Jun 12 2013 11:39am,Wednesday
myFICO Forums,Is it OK to use a credit card for a car down payment?,May 20 2013 7:15pm,Monday
Dealfind Products,Skull Bottle Decanter | Kenneth Cole Wallet & Clutch | Crystal Watches | USB Credit Card & More,May 7 2013 10:03pm,Tuesday
1SaleADay Deals,2 Credit Card Safety Knifes $10 - Smart Blu-Ray $50 - Night Vision Recording Goggles $40 - Fossil Jewelry Deals!,Apr 6 2013 11:30am,Saturday
Today's Tanga Deals,USB Powered Multimedia Speaker Set $27.99 | Cardsharp Safety Folding Utility Credit Card Knife $4.99 | Rampage 'Mathilda' Fabric Dress Shoes for Women,Apr 6 2013 10:09am,Saturday
Envelopes.com,NEW: Credit Card Sleeves Have Arrived!,Mar 14 2013 1:16pm,Thursday
Hudson's Bay,Customer appreciation days: Save 15% with a Hudson's Bay credit card this weekend,Mar 1 2013 1:28pm,Friday
MindMaster Newsletter,5 Day Free Trial (No Credit Card Req),Feb 10 2013 3:59am,Sunday
Today's Tanga Deals,Gillette 2 Razors 5-pack - Total of 20 Razors! $9.99 | Cardsharp II Safety Utility Credit Card Knife $4.99 | Multi-Color LED Fashion Flashing Shoelace,Feb 5 2013 10:10am,Tuesday
Dealfind,The Original Sock Monkey Hat| Credit Card Case for iPhone 4/4S| 10ft Premium Heavy-Duty iPhone/iPad Cable| Sound Logic Wireless Bluetooth Earbuds| Digital Dumbbell Alarm Clock,Jan 27 2013 11:32am,Sunday
The Bay,Four days only: 15% off with your HBC MasterCard or credit card,Dec 29 2012 11:05am,Saturday
New at Kirkland's,Are you a Kirkland's Credit Card Customer?,Dec 26 2012 7:13pm,Wednesday
Brookstone,Email Only: Save 50% on SmartSwipe Personal Credit Card Reader!,Dec 10 2012 6:14am,Monday
Frederick's of Hollywood,Let your credit card cool off. An extra 50% off new markdowns + clearance.,Nov 28 2012 9:05am,Wednesday
The Children's Place,FREE Holiday Shipping with The PLACE Credit Card!,Nov 28 2012 3:34am,Wednesday
Meijer,Preview the 2 Day Sale + Meijer Credit Card Event,Nov 27 2012 4:06am,Tuesday
MindMaster Newsletter,5 Day Free Trial (No Credit Card Req),Nov 6 2012 3:12am,Tuesday
Z Gallerie,New Dining on Sale + Credit Card Rewards,Oct 12 2012 11:02am,Friday
